MucDich,PhanLoai,DanhGiaBanThan,UngDungThucTe,TacGia,NgonNgu,Tuoi,TheLoai
MD2,TL,NEW,Khong,VN,TIENGVIET,TN,TLTL
MD2,TL,NEW,Khong,VN,TIENGVIET,GT,TLTL
MD2,TL,MS,Khong,VN,TIENGVIET,TNN,TLTL
MD2,TL,MS,Khong,VN,TIENGVIET,NLT,TLTL
MD2,TL,NEW,Khong,DVN,TIENGVIET,GT,TLTL
MD2,TL,MS,Khong,DVN,TIENGVIET,TNN,TLTL
MD2,TL,MS,Khong,DVN,TIENGVIET,NLT,TLTL
MD2,TL,NEW,Khong,NN,ENGLISH,GT,TLTL
MD2,TL,MS,Khong,NN,ENGLISH,TNN,TLTL
MD2,TL,MS,Khong,NN,ENGLISH,NLT,TLTL
MD2,TL,NEW,Khong,NN,KHAC,GT,TLTL
MD2,TL,MS,Khong,NN,KHAC,TNN,TLTL
MD2,TL,MS,Khong,NN,KHAC,NLT,TLTL
MD2,TL,TT,Khong,VN,TIENGVIET,TNN,TLTL
MD2,TL,TT,Khong,VN,TIENGVIET,NLT,TLTL
MD2,TL,TT,Khong,DVN,TIENGVIET,TNN,TLTL
MD2,TL,TT,Khong,DVN,TIENGVIET,NLT,TLTL
MD2,TL,TT,Khong,NN,ENGLISH,TNN,TLTL
MD2,TL,TT,Khong,NN,ENGLISH,NLT,TLTL
MD2,TL,TT,Khong,NN,KHAC,TNN,TLTL
MD2,TL,TT,Khong,NN,KHAC,NLT,TLTL
MD3,TL,NEW,Co,VN,TIENGVIET,TN,TLTL
MD3,TL,NEW,Khong,VN,TIENGVIET,GT,TLTL
MD3,TL,MS,Khong,VN,TIENGVIET,TNN,TLTL
MD3,TL,MS,Co,VN,TIENGVIET,NLT,TLTL
MD3,TL,NEW,Khong,DVN,TIENGVIET,GT,TLTL
MD3,TL,MS,Khong,DVN,TIENGVIET,TNN,TLTL
MD3,TL,MS,Co,DVN,TIENGVIET,NLT,TLTL
MD3,TL,NEW,Khong,NN,ENGLISH,GT,TLTL
MD3,TL,MS,Co,NN,ENGLISH,TNN,TLTL
MD3,TL,MS,Khong,NN,ENGLISH,NLT,TLTL
MD3,TL,NEW,Khong,NN,KHAC,GT,TLTL
MD3,TL,MS,Khong,NN,KHAC,TNN,TLTL
MD3,TL,MS,Co,NN,KHAC,NLT,TLTL
MD3,TL,TT,Khong,VN,TIENGVIET,TNN,TLTL
MD3,TL,TT,Khong,VN,TIENGVIET,NLT,TLTL
MD3,TL,TT,Khong,DVN,TIENGVIET,TNN,TLTL
MD3,TL,TT,Khong,DVN,TIENGVIET,NLT,TLTL
MD3,TL,TT,Khong,NN,ENGLISH,TNN,TLTL
MD3,TL,TT,Co,NN,ENGLISH,NLT,TLTL
MD3,TL,TT,Khong,NN,KHAC,TNN,TLTL
MD3,TL,TT,Khong,NN,KHAC,NLT,TLTL
MD4,TL,NEW,Co,VN,TIENGVIET,TN,TLTL
MD4,TL,NEW,Khong,VN,TIENGVIET,GT,TLTL
MD4,TL,MS,Khong,VN,TIENGVIET,TNN,TLTL
MD4,TL,MS,Co,VN,TIENGVIET,NLT,TLTL
MD4,TL,NEW,Khong,DVN,TIENGVIET,GT,TLTL
MD4,TL,MS,Khong,DVN,TIENGVIET,TNN,TLTL
MD4,TL,MS,Co,DVN,TIENGVIET,NLT,TLTL
MD4,TL,NEW,Khong,NN,ENGLISH,GT,TLTL
MD4,TL,MS,Co,NN,ENGLISH,TNN,TLTL
MD4,TL,MS,Khong,NN,ENGLISH,NLT,TLTL
MD4,TL,NEW,Khong,NN,KHAC,GT,TLTL
MD4,TL,MS,Khong,NN,KHAC,TNN,TLTL
MD4,TL,MS,Co,NN,KHAC,NLT,TLTL
MD4,TL,TT,Khong,VN,TIENGVIET,TNN,TLTL
MD4,TL,TT,Khong,VN,TIENGVIET,NLT,TLTL
MD4,TL,TT,Khong,DVN,TIENGVIET,TNN,TLTL
MD4,TL,TT,Khong,DVN,TIENGVIET,NLT,TLTL
MD4,TL,TT,Khong,NN,ENGLISH,TNN,TLTL
MD4,TL,TT,Co,NN,ENGLISH,NLT,TLTL
MD4,TL,TT,Khong,NN,KHAC,TNN,TLTL
MD4,TL,TT,Khong,NN,KHAC,NLT,TLTL
MD5,TL,TT,Khong,NN,KHAC,NLT,TLTL
MD5,TL,NEW,Co,VN,TIENGVIET,TN,TLTL
MD5,TL,NEW,Khong,VN,TIENGVIET,GT,TLTL
MD5,TL,MS,Khong,VN,TIENGVIET,TNN,TLTL
MD5,TL,MS,Co,VN,TIENGVIET,NLT,TLTL
MD5,TL,NEW,Khong,DVN,TIENGVIET,GT,TLTL
MD5,TL,MS,Khong,DVN,TIENGVIET,TNN,TLTL
MD5,TL,MS,Co,DVN,TIENGVIET,NLT,TLTL
MD5,TL,NEW,Khong,NN,ENGLISH,GT,TLTL
MD5,TL,MS,Co,NN,ENGLISH,TNN,TLTL
MD5,TL,MS,Khong,NN,ENGLISH,NLT,TLTL
MD5,TL,NEW,Khong,NN,KHAC,GT,TLTL
MD5,TL,MS,Khong,NN,KHAC,TNN,TLTL
MD5,TL,MS,Co,NN,KHAC,NLT,TLTL
MD5,TL,TT,Khong,VN,TIENGVIET,TNN,TLTL
MD5,TL,TT,Khong,VN,TIENGVIET,NLT,TLTL
MD5,TL,TT,Khong,DVN,TIENGVIET,TNN,TLTL
MD5,TL,TT,Khong,DVN,TIENGVIET,NLT,TLTL
MD5,TL,TT,Khong,NN,ENGLISH,TNN,TLTL
MD5,TL,TT,Co,NN,ENGLISH,NLT,TLTL
MD5,TL,TT,Khong,NN,KHAC,TNN,TLTL
MD5,TL,TT,Khong,NN,KHAC,NLT,TLTL
MD6,TL,NEW,Co,VN,TIENGVIET,GT,TLTL
MD6,TL,NEW,Co,VN,TIENGVIET,TNN,TLTL
MD6,TL,NEW,Co,DVN,TIENGVIET,GT,TLTL
MD6,TL,NEW,Co,DVN,TIENGVIET,TNN,TLTL
MD6,TL,NEW,Co,NN,ENGLISH,GT,TLTL
MD6,TL,NEW,Co,NN,KHAC,GT,TLTL
MD6,TL,NEW,Co,NN,ENGLISH,TNN,TLTL
MD6,TL,NEW,Co,NN,KHAC,TNN,TLTL
MD6,TL,TT,Co,VN,TIENGVIET,GT,TLTL
MD6,TL,TT,Co,VN,TIENGVIET,TNN,TLTL
MD6,TL,TT,Co,DVN,TIENGVIET,GT,TLTL
MD7,TL,NEW,Co,VN,TIENGVIET,GT,TLTL
MD7,TL,NEW,Co,DVN,TIENGVIET,TNN,TLTL
MD7,TL,MS,Co,VN,TIENGVIET,NLT,TLTL
MD7,TL,MS,Co,DVN,TIENGVIET,GT,TLTL
MD7,TL,TT,Co,VN,TIENGVIET,TNN,TLTL
MD7,TL,TT,Co,DVN,TIENGVIET,NLT,TLTL
MD7,TL,NEW,Co,NN,ENGLISH,GT,TLTL
MD7,TL,NEW,Co,NN,ENGLISH,TNN,TLTL
MD7,TL,NEW,Co,NN,ENGLISH,NLT,TLTL
MD7,TL,MS,Co,NN,KHAC,GT,TLTL
MD7,TL,MS,Co,NN,ENGLISH,TNN,TLTL
MD7,TL,MS,Co,NN,KHAC,NLT,TLTL
MD7,TL,TT,Co,NN,ENGLISH,GT,TLTL
MD7,TL,TT,Co,NN,KHAC,TNN,TLTL
MD7,TL,TT,Co,NN,ENGLISH,NLT,TLTL
MD21,DV,MS,Co,VN,TIENGVIET,TN,GT
MD21,DV,TT,Co,VN,TIENGVIET,GT,GT
MD21,DV,NEW,Co,VN,TIENGVIET,TN,GT
MD21,DV,MS,Co,VN,TIENGVIET,GT,GT
MD21,DV,TT,Co,VN,TIENGVIET,TN,GT
MD21,DV,NEW,Co,VN,TIENGVIET,GT,GT
MD21,DV,MS,Co,VN,TIENGVIET,TN,GT
MD21,DV,TT,Co,VN,TIENGVIET,GT,GT
MD21,DV,NEW,Co,VN,TIENGVIET,TN,GT
MD21,DV,MS,Khong,VN,TIENGVIET,GT,GT
MD21,DV,TT,Khong,VN,TIENGVIET,TN,GT
MD21,DV,NEW,Khong,VN,TIENGVIET,GT,GT
MD21,DV,MS,Khong,VN,TIENGVIET,TN,GT
MD21,DV,TT,Khong,VN,TIENGVIET,GT,GT
MD21,DV,NEW,Khong,VN,TIENGVIET,TN,GT
MD22,TC,MS,Co,VN,TIENGVIET,GT,GT
MD22,TC,TT,Co,VN,TIENGVIET,TN,GT
MD22,TC,NEW,Co,VN,TIENGVIET,GT,GT
MD22,TC,MS,Co,VN,TIENGVIET,TN,GT
MD22,TC,TT,Co,VN,TIENGVIET,GT,GT
MD22,TC,NEW,Co,VN,TIENGVIET,TN,GT
MD22,TC,MS,Khong,VN,TIENGVIET,GT,GT
MD22,TC,TT,Khong,VN,TIENGVIET,TN,GT
MD22,TC,NEW,Khong,VN,TIENGVIET,GT,GT
MD22,TC,MS,Khong,VN,TIENGVIET,TN,GT
MD22,TC,TT,Khong,VN,TIENGVIET,GT,GT
MD22,TC,NEW,Khong,VN,TIENGVIET,TN,GT
MD23,NN,MS,Co,VN,TIENGVIET,GT,GT
MD23,NN,TT,Co,VN,TIENGVIET,TN,GT
MD23,NN,NEW,Co,VN,TIENGVIET,GT,GT
MD23,NN,MS,Co,VN,TIENGVIET,TN,GT
MD23,NN,TT,Co,VN,TIENGVIET,GT,GT
MD23,NN,NEW,Co,VN,TIENGVIET,TN,GT
MD23,NN,MS,Khong,VN,TIENGVIET,GT,GT
MD23,NN,TT,Khong,VN,TIENGVIET,TN,GT
MD23,NN,NEW,Khong,VN,TIENGVIET,GT,GT
MD23,NN,MS,Khong,VN,TIENGVIET,TN,GT
MD23,NN,TT,Khong,VN,TIENGVIET,GT,GT
MD23,NN,NEW,Khong,VN,TIENGVIET,TN,GT
MD23,NN,MS,Co,VN,TIENGVIET,GT,GT
MD23,NN,TT,Co,VN,TIENGVIET,TN,GT
MD23,NN,NEW,Co,VN,TIENGVIET,GT,GT
MD24,TCT,MS,Co,VN,TIENGVIET,TN,GT
MD24,TCT,TT,Co,VN,TIENGVIET,GT,GT
MD24,TCT,NEW,Co,VN,TIENGVIET,TN,GT
MD24,TCT,MS,Co,VN,TIENGVIET,GT,GT
MD24,TCT,TT,Co,VN,TIENGVIET,TN,GT
MD24,TCT,NEW,Co,VN,TIENGVIET,GT,GT
MD24,TCT,MS,Co,VN,TIENGVIET,TN,GT
MD24,TCT,TT,Co,VN,TIENGVIET,GT,GT
MD24,TCT,NEW,Co,VN,TIENGVIET,TN,GT
MD24,TCT,MS,Khong,VN,TIENGVIET,GT,GT
MD24,TCT,TT,Khong,VN,TIENGVIET,TN,GT
MD24,TCT,NEW,Khong,VN,TIENGVIET,GT,GT
MD24,TCT,MS,Khong,VN,TIENGVIET,TN,GT
MD24,TCT,TT,Khong,VN,TIENGVIET,GT,GT
MD24,TCT,NEW,Khong,VN,TIENGVIET,TN,GT
MD25,TT,MS,Co,VN,TIENGVIET,GT,GT
MD25,TT,TT,Co,VN,TIENGVIET,TN,GT
MD25,TT,NEW,Co,VN,TIENGVIET,GT,GT
MD25,TT,MS,Co,VN,TIENGVIET,TN,GT
MD25,TT,TT,Co,VN,TIENGVIET,GT,GT
MD25,TT,NEW,Co,VN,TIENGVIET,TN,GT
MD25,TT,MS,Khong,VN,TIENGVIET,GT,GT
MD25,TT,TT,Khong,VN,TIENGVIET,TN,GT
MD25,TT,NEW,Khong,VN,TIENGVIET,GT,GT
MD25,TT,MS,Khong,VN,TIENGVIET,TN,GT
MD25,TT,TT,Khong,VN,TIENGVIET,GT,GT
MD25,TT,NEW,Khong,VN,TIENGVIET,TN,GT
MD25,TT,MS,Co,NN,TIENGVIET,GT,GT
MD25,TT,TT,Co,NN,TIENGVIET,TN,GT
MD25,TT,NEW,Co,NN,TIENGVIET,GT,GT
MD25,TT,MS,Co,NN,TIENGVIET,TN,GT
MD25,TT,TT,Co,NN,TIENGVIET,GT,GT
MD25,TT,NEW,Co,NN,TIENGVIET,TN,GT
MD25,TT,MS,Khong,NN,TIENGVIET,GT,GT
MD25,TT,TT,Khong,NN,TIENGVIET,TN,GT
MD25,TT,NEW,Khong,NN,TIENGVIET,GT,GT
MD25,TT,MS,Khong,NN,TIENGVIET,TN,GT
MD25,TT,TT,Khong,NN,TIENGVIET,GT,GT
MD25,TT,NEW,Khong,NN,TIENGVIET,TN,GT
MD26,TT,MS,Co,VN,TIENGVIET,GT,GT
MD26,TT,TT,Co,VN,TIENGVIET,TN,GT
MD26,TT,NEW,Co,VN,TIENGVIET,GT,GT
MD26,TT,MS,Co,VN,TIENGVIET,TN,GT
MD26,TT,TT,Co,VN,TIENGVIET,GT,GT
MD26,TT,NEW,Co,VN,TIENGVIET,TN,GT
MD26,TT,MS,Co,VN,TIENGVIET,GT,GT
MD26,TT,TT,Co,VN,TIENGVIET,TN,GT
MD26,TT,NEW,Co,VN,TIENGVIET,GT,GT
MD26,TT,MS,Khong,VN,TIENGVIET,TN,GT
MD26,TT,TT,Khong,VN,TIENGVIET,GT,GT
MD26,TT,NEW,Khong,VN,TIENGVIET,TN,GT
MD26,TT,MS,Khong,VN,TIENGVIET,GT,GT
MD26,TT,TT,Khong,VN,TIENGVIET,TN,GT
MD26,TT,NEW,Khong,VN,TIENGVIET,GT,GT
MD26,TT,MS,Khong,VN,TIENGVIET,TN,GT
MD26,TT,TT,Khong,VN,TIENGVIET,GT,GT
MD26,TT,NEW,Khong,VN,TIENGVIET,TN,GT
MD26,TT,MS,Co,NN,TIENGVIET,GT,GT
MD26,TT,TT,Co,NN,TIENGVIET,TN,GT
MD26,TT,NEW,Co,NN,TIENGVIET,GT,GT
MD26,TT,MS,Co,NN,TIENGVIET,TN,GT
MD26,TT,TT,Co,NN,TIENGVIET,GT,GT
MD26,TT,NEW,Co,NN,TIENGVIET,TN,GT
MD26,TT,MS,Khong,NN,TIENGVIET,GT,GT
MD26,TT,TT,Khong,NN,TIENGVIET,TN,GT
MD26,TT,NEW,Khong,NN,TIENGVIET,GT,GT
MD26,TT,MS,Khong,NN,TIENGVIET,TN,GT
MD26,TT,TT,Khong,NN,TIENGVIET,GT,GT
MD26,TT,NEW,Khong,NN,TIENGVIET,TN,GT
MD12,KT,NEW,Co,VN,TIENGVIET,GT,LTTT
MD12,KT,TT,Co,VN,TIENGVIET,GT,LTTT
MD12,KT,MS,Co,VN,TIENGVIET,GT,LTTT
MD12,KT,NEW,Khong,VN,TIENGVIET,GT,LTTT
MD12,KT,NEW,Co,VN,TIENGVIET,TNN,LTTT
MD12,KT,MS,Khong,NN,KHAC,TNN,LTTT
MD12,KT,NEW,Co,NN,ENGLISH,GT,LTTT
MD12,KT,TT,Co,NN,ENGLISH,GT,LTTT
MD12,KT,MS,Co,NN,ENGLISH,GT,LTTT
MD12,KT,NEW,Khong,NN,KHAC,TNN,LTTT
MD12,KT,NEW,Co,DVN,TIENGVIET,GT,LTTT
MD12,KT,TT,Co,DVN,ENGLISH,GT,LTTT
MD12,KT,MS,Co,DVN,ENGLISH,GT,LTTT
MD12,KT,NEW,Khong,DVN,ENGLISH,GT,LTTT
MD12,KT,TT,Co,DVN,TIENGVIET,TNN,LTTT
MD12,KT,MS,Khong,DVN,TIENGVIET,NLT,LTTT
MD13,VHNT,NEW,Khong,NN,ENGLISH,GT,LTTT
MD13,VHNT,MS,Co,NN,ENGLISH,GT,LTTT
MD13,VHNT,NEW,Co,VN,TIENGVIET,GT,LTTT
MD13,VHNT,NEW,Co,DVN,TIENGVIET,GT,LTTT
MD13,VHNT,MS,Khong,DVN,TIENGVIET,GT,LTTT
MD13,VHNT,NEW,Khong,VN,TIENGVIET,GT,LTTT
MD13,VHNT,TT,Khong,NN,ENGLISH,TNN,LTTT
MD13,VHNT,NEW,Co,NN,ENGLISH,TNN,LTTT
MD13,VHNT,NEW,Co,VN,TIENGVIET,TNN,LTTT
MD13,VHNT,TT,Co,DVN,TIENGVIET,TNN,LTTT
MD13,VHNT,NEW,Khong,DVN,TIENGVIET,TNN,LTTT
MD13,VHNT,MS,Khong,VN,TIENGVIET,TNN,LTTT
MD13,VHNT,NEW,Khong,NN,KHAC,GT,LTTT
MD13,VHNT,MS,Khong,NN,KHAC,GT,LTTT
MD13,VHNT,NEW,Khong,VN,KHAC,GT,LTTT
MD13,VHNT,MS,Khong,DVN,KHAC,GT,LTTT
MD13,VHNT,NEW,Khong,DVN,KHAC,GT,LTTT
MD13,VHNT,TT,Khong,VN,TIENGVIET,NLT,LTTT
MD13,VHNT,TT,Khong,DVN,TIENGVIET,NLT,LTTT
MD13,VHNT,NEW,Khong,DVN,TIENGVIET,NLT,LTTT
MD13,VHNT,MS,Khong,VN,TIENGVIET,NLT,LTTT
MD14,GT,NEW,Co,VN,ENGLISH,GT,LTTT
MD14,GT,MS,Co,VN,ENGLISH,GT,LTTT
MD14,GT,TT,Co,VN,ENGLISH,GT,LTTT
MD14,GT,NEW,Co,NN,ENGLISH,GT,LTTT
MD14,GT,MS,Co,NN,ENGLISH,GT,LTTT
MD14,GT,TT,Co,NN,ENGLISH,GT,LTTT
MD14,GT,NEW,Co,VN,ENGLISH,TN,LTTT
MD14,GT,MS,Co,VN,ENGLISH,TN,LTTT
MD14,GT,TT,Co,VN,ENGLISH,TN,LTTT
MD14,GT,NEW,Co,NN,ENGLISH,TN,LTTT
MD14,GT,MS,Co,NN,ENGLISH,TN,LTTT
MD14,GT,TT,Co,NN,ENGLISH,TN,LTTT
MD14,GT,NEW,Co,VN,ENGLISH,TNN,LTTT
MD14,GT,MS,Co,VN,ENGLISH,TNN,LTTT
MD14,GT,TT,Co,VN,ENGLISH,TNN,LTTT
MD14,GT,NEW,Khong,NN,ENGLISH,TNN,LTTT
MD14,GT,MS,Co,NN,ENGLISH,TNN,LTTT
MD14,GT,TT,Co,NN,ENGLISH,TNN,LTTT
MD14,GT,TT,Co,NN,ENGLISH,NLT,LTTT
MD14,GT,TT,Khong,VN,ENGLISH,NLT,LTTT
MD15,GT,NEW,Co,VN,KHAC,GT,LTTT
MD15,GT,TT,Co,VN,KHAC,GT,LTTT
MD15,GT,MS,Co,VN,KHAC,GT,LTTT
MD15,GT,NEW,Co,NN,KHAC,GT,LTTT
MD15,GT,TT,Co,NN,KHAC,GT,LTTT
MD15,GT,MS,Co,NN,KHAC,GT,LTTT
MD15,GT,NEW,Co,DVN,TIENGVIET,GT,LTTT
MD15,GT,TT,Co,DVN,TIENGVIET,GT,LTTT
MD15,GT,MS,Co,DVN,TIENGVIET,GT,LTTT
MD15,GT,NEW,Co,VN,KHAC,TNN,LTTT
MD15,GT,TT,Co,VN,KHAC,TNN,LTTT
MD15,GT,MS,Co,VN,KHAC,TNN,LTTT
MD15,GT,NEW,Co,NN,KHAC,TNN,LTTT
MD15,GT,TT,Co,NN,KHAC,TNN,LTTT
MD15,GT,MS,Co,NN,KHAC,TNN,LTTT
MD15,GT,NEW,Co,DVN,TIENGVIET,TNN,LTTT
MD15,GT,TT,Co,DVN,TIENGVIET,TNN,LTTT
MD15,GT,MS,Co,DVN,TIENGVIET,TNN,LTTT
MD15,GT,NEW,Co,VN,KHAC,TN,LTTT
MD15,GT,TT,Co,VN,KHAC,TN,LTTT
MD15,GT,MS,Co,VN,KHAC,TN,LTTT
MD15,GT,NEW,Co,NN,KHAC,TN,LTTT
MD15,GT,TT,Co,NN,KHAC,TN,LTTT
MD15,GT,MS,Co,NN,KHAC,TN,LTTT
MD15,GT,NEW,Co,DVN,TIENGVIET,TN,LTTT
MD15,GT,TT,Co,DVN,TIENGVIET,TN,LTTT
MD15,GT,MS,Co,DVN,TIENGVIET,TN,LTTT
MD15,GT,NEW,Khong,VN,TIENGVIET,GT,LTTT
MD15,GT,TT,Khong,VN,TIENGVIET,GT,LTTT
MD15,GT,MS,Khong,VN,TIENGVIET,GT,LTTT
MD15,GT,NEW,Co,VN,TIENGVIET,TN,LTTT
MD15,GT,TT,Co,VN,TIENGVIET,TN,LTTT
MD15,GT,MS,Co,VN,TIENGVIET,TN,LTTT
MD15,GT,NEW,Co,VN,TIENGVIET,GT,LTTT
MD15,GT,TT,Co,VN,TIENGVIET,GT,LTTT
MD15,GT,MS,Co,VN,TIENGVIET,GT,LTTT
MD2,TL,NEW,Khong,VN,TIENGVIET,TNN,TLTL
MD2,TL,NEW,Khong,DVN,TIENGVIET,TNN,TLTL
MD2,TL,MS,Khong,VN,TIENGVIET,GT,TLTL
MD2,TL,MS,Khong,DVN,TIENGVIET,GT,TLTL
MD2,TL,MS,Khong,VN,TIENGVIET,TN,TLTL
MD2,TL,MS,Khong,DVN,TIENGVIET,TN,TLTL
MD2,TL,MS,Khong,NN,ENGLISH,GT,TLTL
MD2,TL,MS,Khong,NN,KHAC,GT,TLTL
MD2,TL,MS,Khong,NN,ENGLISH,TN,TLTL
MD2,TL,MS,Khong,NN,KHAC,TN,TLTL
MD2,TL,NEW,Khong,NN,ENGLISH,TNN,TLTL
MD2,TL,NEW,Khong,NN,KHAC,TNN,TLTL
MD3,TL,NEW,Khong,VN,TIENGVIET,TN,TLTL
MD3,TL,NEW,Co,VN,TIENGVIET,GT,TLTL
MD3,TL,NEW,Co,VN,TIENGVIET,TNN,TLTL
MD3,TL,NEW,Khong,VN,TIENGVIET,TNN,TLTL
MD3,TL,NEW,Co,DVN,TIENGVIET,GT,TLTL
MD3,TL,NEW,Co,DVN,TIENGVIET,TNN,TLTL
MD3,TL,NEW,Co,DVN,TIENGVIET,TN,TLTL
MD3,TL,NEW,Khong,DVN,TIENGVIET,GT,TLTL
MD3,TL,NEW,Khong,DVN,TIENGVIET,TNN,TLTL
MD3,TL,NEW,Khong,DVN,TIENGVIET,TN,TLTL
MD3,TL,NEW,Co,NN,ENGLISH,GT,TLTL
MD3,TL,NEW,Khong,NN,ENGLISH,TNN,TLTL
MD3,TL,NEW,Khong,NN,ENGLISH,TN,TLTL
MD3,TL,NEW,Co,NN,ENGLISH,TNN,TLTL
MD3,TL,NEW,Co,NN,ENGLISH,TN,TLTL
MD3,TL,NEW,Co,NN,KHAC,GT,TLTL
MD3,TL,NEW,Khong,NN,KHAC,TNN,TLTL
MD3,TL,NEW,Khong,NN,KHAC,TN,TLTL
MD3,TL,NEW,Co,NN,KHAC,TNN,TLTL
MD3,TL,NEW,Co,NN,KHAC,TN,TLTL
MD3,TL,MS,Co,VN,TIENGVIET,TN,TLTL
MD3,TL,MS,Khong,VN,TIENGVIET,TN,TLTL
MD3,TL,MS,Co,NN,ENGLISH,TN,TLTL
MD3,TL,MS,Khong,NN,ENGLISH,TN,TLTL
MD3,TL,MS,Co,NN,KHAC,TN,TLTL
MD3,TL,MS,Khong,NN,KHAC,TN,TLTL
MD3,TL,MS,Co,VN,TIENGVIET,GT,TLTL
MD3,TL,MS,Khong,VN,TIENGVIET,GT,TLTL
MD3,TL,MS,Co,NN,ENGLISH,GT,TLTL
MD3,TL,MS,Khong,NN,ENGLISH,GT,TLTL
MD3,TL,MS,Co,NN,KHAC,GT,TLTL
MD3,TL,MS,Khong,NN,KHAC,GT,TLTL
MD3,TL,MS,Co,VN,TIENGVIET,TNN,TLTL
MD3,TL,MS,Co,DVN,TIENGVIET,TNN,TLTL
MD3,TL,MS,Khong,NN,ENGLISH,TNN,TLTL
MD3,TL,MS,Co,NN,KHAC,TNN,TLTL
MD3,TL,MS,Khong,VN,TIENGVIET,NLT,TLTL
MD3,TL,MS,Khong,DVN,TIENGVIET,NLT,TLTL
MD3,TL,MS,Co,NN,ENGLISH,NLT,TLTL
MD3,TL,MS,Khong,NN,KHAC,NLT,TLTL
MD3,TL,TT,Co,VN,TIENGVIET,TNN,TLTL
MD3,TL,TT,Co,VN,TIENGVIET,NLT,TLTL
MD3,TL,TT,Co,DVN,TIENGVIET,TNN,TLTL
MD3,TL,TT,Co,DVN,TIENGVIET,NLT,TLTL
MD3,TL,TT,Co,NN,ENGLISH,TNN,TLTL
MD3,TL,TT,Khong,NN,ENGLISH,NLT,TLTL
MD3,TL,TT,Co,NN,KHAC,TNN,TLTL
MD3,TL,TT,Co,NN,KHAC,NLT,TLTL
MD3,TL,TT,Khong,VN,TIENGVIET,GT,TLTL
MD3,TL,TT,Khong,VN,TIENGVIET,GT,TLTL
MD3,TL,TT,Khong,DVN,TIENGVIET,GT,TLTL
MD3,TL,TT,Khong,DVN,TIENGVIET,GT,TLTL
MD3,TL,TT,Khong,NN,ENGLISH,GT,TLTL
MD3,TL,TT,Co,NN,ENGLISH,GT,TLTL
MD3,TL,TT,Khong,NN,KHAC,GT,TLTL
MD3,TL,TT,Khong,NN,KHAC,GT,TLTL
MD3,TL,TT,Co,VN,TIENGVIET,GT,TLTL
MD3,TL,TT,Co,VN,TIENGVIET,GT,TLTL
MD3,TL,TT,Co,DVN,TIENGVIET,GT,TLTL
MD3,TL,TT,Co,DVN,TIENGVIET,GT,TLTL
MD3,TL,TT,Co,NN,ENGLISH,GT,TLTL
MD3,TL,TT,Khong,NN,ENGLISH,GT,TLTL
MD3,TL,TT,Co,NN,KHAC,GT,TLTL
MD3,TL,TT,Co,NN,KHAC,GT,TLTL
MD4,TL,NEW,Khong,VN,TIENGVIET,TN,TLTL
MD4,TL,NEW,Co,VN,TIENGVIET,GT,TLTL
MD4,TL,NEW,Co,VN,TIENGVIET,TNN,TLTL
MD4,TL,NEW,Khong,VN,TIENGVIET,TNN,TLTL
MD4,TL,NEW,Co,DVN,TIENGVIET,GT,TLTL
MD4,TL,NEW,Co,DVN,TIENGVIET,TNN,TLTL
MD4,TL,NEW,Co,DVN,TIENGVIET,TN,TLTL
MD4,TL,NEW,Khong,DVN,TIENGVIET,GT,TLTL
MD4,TL,NEW,Khong,DVN,TIENGVIET,TNN,TLTL
MD4,TL,NEW,Khong,DVN,TIENGVIET,TN,TLTL
MD4,TL,NEW,Co,NN,ENGLISH,GT,TLTL
MD4,TL,NEW,Khong,NN,ENGLISH,TNN,TLTL
MD4,TL,NEW,Khong,NN,ENGLISH,TN,TLTL
MD4,TL,NEW,Co,NN,ENGLISH,TNN,TLTL
MD4,TL,NEW,Co,NN,ENGLISH,TN,TLTL
MD4,TL,NEW,Co,NN,KHAC,GT,TLTL
MD4,TL,NEW,Khong,NN,KHAC,TNN,TLTL
MD4,TL,NEW,Khong,NN,KHAC,TN,TLTL
MD4,TL,NEW,Co,NN,KHAC,TNN,TLTL
MD4,TL,NEW,Co,NN,KHAC,TN,TLTL
MD4,TL,MS,Co,VN,TIENGVIET,TN,TLTL
MD4,TL,MS,Khong,VN,TIENGVIET,TN,TLTL
MD4,TL,MS,Co,NN,ENGLISH,TN,TLTL
MD4,TL,MS,Khong,NN,ENGLISH,TN,TLTL
MD4,TL,MS,Co,NN,KHAC,TN,TLTL
MD4,TL,MS,Khong,NN,KHAC,TN,TLTL
MD4,TL,MS,Co,VN,TIENGVIET,GT,TLTL
MD4,TL,MS,Khong,VN,TIENGVIET,GT,TLTL
MD4,TL,MS,Co,NN,ENGLISH,GT,TLTL
MD4,TL,MS,Khong,NN,ENGLISH,GT,TLTL
MD4,TL,MS,Co,NN,KHAC,GT,TLTL
MD4,TL,MS,Khong,NN,KHAC,GT,TLTL
MD4,TL,MS,Co,VN,TIENGVIET,TNN,TLTL
MD4,TL,MS,Co,DVN,TIENGVIET,TNN,TLTL
MD4,TL,MS,Khong,NN,ENGLISH,TNN,TLTL
MD4,TL,MS,Co,NN,KHAC,TNN,TLTL
MD4,TL,MS,Khong,VN,TIENGVIET,NLT,TLTL
MD4,TL,MS,Khong,DVN,TIENGVIET,NLT,TLTL
MD4,TL,MS,Co,NN,ENGLISH,NLT,TLTL
MD4,TL,MS,Khong,NN,KHAC,NLT,TLTL
MD4,TL,TT,Co,VN,TIENGVIET,TNN,TLTL
MD4,TL,TT,Co,VN,TIENGVIET,NLT,TLTL
MD4,TL,TT,Co,DVN,TIENGVIET,TNN,TLTL
MD4,TL,TT,Co,DVN,TIENGVIET,NLT,TLTL
MD4,TL,TT,Co,NN,ENGLISH,TNN,TLTL
MD4,TL,TT,Khong,NN,ENGLISH,NLT,TLTL
MD4,TL,TT,Co,NN,KHAC,TNN,TLTL
MD4,TL,TT,Co,NN,KHAC,NLT,TLTL
MD4,TL,TT,Khong,VN,TIENGVIET,GT,TLTL
MD4,TL,TT,Khong,VN,TIENGVIET,GT,TLTL
MD4,TL,TT,Khong,DVN,TIENGVIET,GT,TLTL
MD4,TL,TT,Khong,DVN,TIENGVIET,GT,TLTL
MD4,TL,TT,Khong,NN,ENGLISH,GT,TLTL
MD4,TL,TT,Co,NN,ENGLISH,GT,TLTL
MD4,TL,TT,Khong,NN,KHAC,GT,TLTL
MD4,TL,TT,Khong,NN,KHAC,GT,TLTL
MD4,TL,TT,Co,VN,TIENGVIET,GT,TLTL
MD4,TL,TT,Co,VN,TIENGVIET,GT,TLTL
MD4,TL,TT,Co,DVN,TIENGVIET,GT,TLTL
MD4,TL,TT,Co,DVN,TIENGVIET,GT,TLTL
MD4,TL,TT,Co,NN,ENGLISH,GT,TLTL
MD4,TL,TT,Khong,NN,ENGLISH,GT,TLTL
MD4,TL,TT,Co,NN,KHAC,GT,TLTL
MD4,TL,TT,Co,NN,KHAC,GT,TLTL
MD5,TL,NEW,Khong,VN,TIENGVIET,TN,TLTL
MD5,TL,NEW,Co,VN,TIENGVIET,GT,TLTL
MD5,TL,NEW,Co,VN,TIENGVIET,TNN,TLTL
MD5,TL,NEW,Khong,VN,TIENGVIET,TNN,TLTL
MD5,TL,NEW,Co,DVN,TIENGVIET,GT,TLTL
MD5,TL,NEW,Co,DVN,TIENGVIET,TNN,TLTL
MD5,TL,NEW,Co,DVN,TIENGVIET,TN,TLTL
MD5,TL,NEW,Khong,DVN,TIENGVIET,GT,TLTL
MD5,TL,NEW,Khong,DVN,TIENGVIET,TNN,TLTL
MD5,TL,NEW,Khong,DVN,TIENGVIET,TN,TLTL
MD5,TL,NEW,Co,NN,ENGLISH,GT,TLTL
MD5,TL,NEW,Khong,NN,ENGLISH,TNN,TLTL
MD5,TL,NEW,Khong,NN,ENGLISH,TN,TLTL
MD5,TL,NEW,Co,NN,ENGLISH,TNN,TLTL
MD5,TL,NEW,Co,NN,ENGLISH,TN,TLTL
MD5,TL,NEW,Co,NN,KHAC,GT,TLTL
MD5,TL,NEW,Khong,NN,KHAC,TNN,TLTL
MD5,TL,NEW,Khong,NN,KHAC,TN,TLTL
MD5,TL,NEW,Co,NN,KHAC,TNN,TLTL
MD5,TL,NEW,Co,NN,KHAC,TN,TLTL
MD5,TL,MS,Co,VN,TIENGVIET,TN,TLTL
MD5,TL,MS,Khong,VN,TIENGVIET,TN,TLTL
MD5,TL,MS,Co,NN,ENGLISH,TN,TLTL
MD5,TL,MS,Khong,NN,ENGLISH,TN,TLTL
MD5,TL,MS,Co,NN,KHAC,TN,TLTL
MD5,TL,MS,Khong,NN,KHAC,TN,TLTL
MD5,TL,MS,Co,VN,TIENGVIET,GT,TLTL
MD5,TL,MS,Khong,VN,TIENGVIET,GT,TLTL
MD5,TL,MS,Co,NN,ENGLISH,GT,TLTL
MD5,TL,MS,Khong,NN,ENGLISH,GT,TLTL
MD5,TL,MS,Co,NN,KHAC,GT,TLTL
MD5,TL,MS,Khong,NN,KHAC,GT,TLTL
MD5,TL,MS,Co,VN,TIENGVIET,TNN,TLTL
MD5,TL,MS,Co,DVN,TIENGVIET,TNN,TLTL
MD5,TL,MS,Khong,NN,ENGLISH,TNN,TLTL
MD5,TL,MS,Co,NN,KHAC,TNN,TLTL
MD5,TL,MS,Khong,VN,TIENGVIET,NLT,TLTL
MD5,TL,MS,Khong,DVN,TIENGVIET,NLT,TLTL
MD5,TL,MS,Co,NN,ENGLISH,NLT,TLTL
MD5,TL,MS,Khong,NN,KHAC,NLT,TLTL
MD5,TL,TT,Co,VN,TIENGVIET,TNN,TLTL
MD5,TL,TT,Co,VN,TIENGVIET,NLT,TLTL
MD5,TL,TT,Co,DVN,TIENGVIET,TNN,TLTL
MD5,TL,TT,Co,DVN,TIENGVIET,NLT,TLTL
MD5,TL,TT,Co,NN,ENGLISH,TNN,TLTL
MD5,TL,TT,Khong,NN,ENGLISH,NLT,TLTL
MD5,TL,TT,Co,NN,KHAC,TNN,TLTL
MD5,TL,TT,Co,NN,KHAC,NLT,TLTL
MD5,TL,TT,Khong,VN,TIENGVIET,GT,TLTL
MD5,TL,TT,Khong,VN,TIENGVIET,GT,TLTL
MD5,TL,TT,Khong,DVN,TIENGVIET,GT,TLTL
MD5,TL,TT,Khong,DVN,TIENGVIET,GT,TLTL
MD5,TL,TT,Khong,NN,ENGLISH,GT,TLTL
MD5,TL,TT,Co,NN,ENGLISH,GT,TLTL
MD5,TL,TT,Khong,NN,KHAC,GT,TLTL
MD5,TL,TT,Khong,NN,KHAC,GT,TLTL
MD5,TL,TT,Co,VN,TIENGVIET,GT,TLTL
MD5,TL,TT,Co,VN,TIENGVIET,GT,TLTL
MD5,TL,TT,Co,DVN,TIENGVIET,GT,TLTL
MD5,TL,TT,Co,DVN,TIENGVIET,GT,TLTL
MD5,TL,TT,Co,NN,ENGLISH,GT,TLTL
MD5,TL,TT,Khong,NN,ENGLISH,GT,TLTL
MD5,TL,TT,Co,NN,KHAC,GT,TLTL
MD5,TL,TT,Co,NN,KHAC,GT,TLTL
MD6,KT,NEW,Co,VN,TIENGVIET,GT,TLTL
MD6,KT,NEW,Co,VN,TIENGVIET,TNN,TLTL
MD6,KT,NEW,Co,DVN,TIENGVIET,GT,TLTL
MD6,KT,NEW,Co,DVN,TIENGVIET,TNN,TLTL
MD6,KT,NEW,Co,NN,ENGLISH,GT,TLTL
MD6,KT,NEW,Co,NN,KHAC,GT,TLTL
MD6,KT,NEW,Co,NN,ENGLISH,TNN,TLTL
MD6,KT,NEW,Co,NN,KHAC,TNN,TLTL
MD6,KT,TT,Co,VN,TIENGVIET,GT,TLTL
MD6,KT,TT,Co,VN,TIENGVIET,TNN,TLTL
MD6,KT,TT,Co,DVN,TIENGVIET,GT,TLTL
MD6,KT,TT,Co,DVN,TIENGVIET,TNN,TLTL
MD6,KT,TT,Co,NN,ENGLISH,GT,TLTL
MD6,KT,TT,Co,NN,KHAC,GT,TLTL
MD6,KT,TT,Co,NN,ENGLISH,TNN,TLTL
MD6,KT,TT,Co,NN,KHAC,TNN,TLTL
MD6,KT,TT,Co,VN,TIENGVIET,NLT,TLTL
MD6,KT,TT,Co,DVN,TIENGVIET,NLT,TLTL
MD6,KT,TT,Co,NN,ENGLISH,NLT,TLTL
MD6,KT,TT,Co,NN,KHAC,NLT,TLTL
MD6,KT,MS,Co,VN,TIENGVIET,GT,TLTL
MD6,KT,MS,Co,VN,TIENGVIET,TNN,TLTL
MD6,KT,MS,Co,DVN,TIENGVIET,GT,TLTL
MD6,KT,MS,Co,DVN,TIENGVIET,TNN,TLTL
MD6,KT,MS,Co,NN,ENGLISH,GT,TLTL
MD6,KT,MS,Co,NN,KHAC,GT,TLTL
MD6,KT,MS,Co,NN,ENGLISH,TNN,TLTL
MD6,KT,MS,Co,NN,KHAC,TNN,TLTL
MD6,KT,MS,Co,VN,TIENGVIET,NLT,TLTL
MD6,KT,MS,Co,DVN,TIENGVIET,NLT,TLTL
MD6,KT,MS,Co,NN,ENGLISH,NLT,TLTL
MD6,KT,MS,Co,NN,KHAC,NLT,TLTL
MD6,TL,TT,Co,DVN,TIENGVIET,TNN,TLTL
MD6,TL,TT,Co,NN,ENGLISH,GT,TLTL
MD6,TL,TT,Co,NN,KHAC,GT,TLTL
MD6,TL,TT,Co,NN,ENGLISH,TNN,TLTL
MD6,TL,TT,Co,NN,KHAC,TNN,TLTL
MD6,TL,TT,Co,VN,TIENGVIET,NLT,TLTL
MD6,TL,TT,Co,DVN,TIENGVIET,NLT,TLTL
MD6,TL,TT,Co,NN,ENGLISH,NLT,TLTL
MD6,TL,TT,Co,NN,KHAC,NLT,TLTL
MD6,TL,MS,Co,VN,TIENGVIET,GT,TLTL
MD6,TL,MS,Co,VN,TIENGVIET,TNN,TLTL
MD6,TL,MS,Co,DVN,TIENGVIET,GT,TLTL
MD6,TL,MS,Co,DVN,TIENGVIET,TNN,TLTL
MD6,TL,MS,Co,NN,ENGLISH,GT,TLTL
MD6,TL,MS,Co,NN,KHAC,GT,TLTL
MD6,TL,MS,Co,NN,ENGLISH,TNN,TLTL
MD6,TL,MS,Co,NN,KHAC,TNN,TLTL
MD6,TL,MS,Co,VN,TIENGVIET,NLT,TLTL
MD6,TL,MS,Co,DVN,TIENGVIET,NLT,TLTL
MD6,TL,MS,Co,NN,ENGLISH,NLT,TLTL
MD6,TL,MS,Co,NN,KHAC,NLT,TLTL
MD7,TL,NEW,Co,VN,TIENGVIET,TNN,TLTL
MD7,TL,NEW,Co,DVN,TIENGVIET,GT,TLTL
MD7,TL,NEW,Co,DVN,TIENGVIET,TNN,TLTL
MD7,TL,NEW,Co,NN,KHAC,GT,TLTL
MD7,TL,MS,Co,VN,TIENGVIET,GT,TLTL
MD7,TL,MS,Co,VN,TIENGVIET,TNN,TLTL
MD7,TL,MS,Co,DVN,TIENGVIET,TNN,TLTL
MD7,TL,MS,Co,DVN,TIENGVIET,NLT,TLTL
MD7,TL,MS,Co,NN,ENGLISH,NLT,TLTL
MD7,TL,TT,Co,VN,TIENGVIET,GT,TLTL
MD7,TL,TT,Co,VN,TIENGVIET,NLT,TLTL
MD7,TL,TT,Co,DVN,TIENGVIET,GT,TLTL
MD7,TL,TT,Co,DVN,TIENGVIET,NLT,TLTL
MD7,TL,TT,Co,NN,ENGLISH,TNN,TLTL
MD7,TL,TT,Co,NN,ENGLISH,NLT,TLTL
MD7,TL,TT,Co,NN,KHAC,GT,TLTL
MD7,TL,TT,Co,NN,KHAC,NLT,TLTL
MD15,GT,NEW,Co,VN,TIENGVIET,NLT,LTTT
MD15,GT,TT,Co,VN,TIENGVIET,NLT,LTTT
MD15,GT,MS,Co,VN,TIENGVIET,NLT,LTTT
MD16,VHXH,NEW,Co,VN,TIENGVIET,TN,LTTT
MD16,VHXH,TT,Co,VN,TIENGVIET,TN,LTTT
MD16,VHXH,MS,Co,VN,TIENGVIET,TN,LTTT
MD16,VHXH,NEW,Khong,VN,ENGLISH,TN,LTTT
MD16,VHXH,TT,Khong,VN,ENGLISH,TN,LTTT
MD16,VHXH,MS,Khong,VN,ENGLISH,TN,LTTT
MD16,VHXH,NEW,Khong,VN,KHAC,TN,LTTT
MD16,VHXH,TT,Khong,VN,KHAC,TN,LTTT
MD16,VHXH,MS,Khong,VN,KHAC,TN,LTTT
MD16,VHXH,NEW,Co,VN,TIENGVIET,GT,LTTT
MD16,VHXH,TT,Co,VN,TIENGVIET,GT,LTTT
MD16,VHXH,MS,Co,VN,TIENGVIET,GT,LTTT
MD16,VHXH,NEW,Khong,VN,ENGLISH,GT,LTTT
MD16,VHXH,TT,Khong,VN,ENGLISH,GT,LTTT
MD16,VHXH,MS,Khong,VN,ENGLISH,GT,LTTT
MD16,VHXH,NEW,Khong,VN,KHAC,GT,LTTT
MD16,VHXH,TT,Khong,VN,KHAC,GT,LTTT
MD16,VHXH,MS,Khong,VN,KHAC,GT,LTTT
MD16,VHXH,NEW,Co,VN,TIENGVIET,TNN,LTTT
MD16,VHXH,TT,Co,VN,TIENGVIET,TNN,LTTT
MD16,VHXH,MS,Co,VN,TIENGVIET,TNN,LTTT
MD16,VHXH,NEW,Khong,VN,ENGLISH,TNN,LTTT
MD16,VHXH,TT,Khong,VN,ENGLISH,TNN,LTTT
MD16,VHXH,MS,Khong,VN,ENGLISH,TNN,LTTT
MD16,VHXH,NEW,Khong,VN,KHAC,TNN,LTTT
MD16,VHXH,TT,Khong,VN,KHAC,TNN,LTTT
MD16,VHXH,MS,Khong,VN,KHAC,TNN,LTTT
MD16,VHXH,NEW,Co,VN,TIENGVIET,NLT,LTTT
MD16,VHXH,TT,Co,VN,TIENGVIET,NLT,LTTT
MD16,VHXH,MS,Co,VN,TIENGVIET,NLT,LTTT
MD16,VHXH,NEW,Khong,VN,ENGLISH,NLT,LTTT
MD16,VHXH,TT,Khong,VN,ENGLISH,NLT,LTTT
MD16,VHXH,MS,Khong,VN,ENGLISH,NLT,LTTT
MD16,VHXH,NEW,Khong,VN,KHAC,NLT,LTTT
MD16,VHXH,TT,Khong,VN,KHAC,NLT,LTTT
MD16,VHXH,MS,Khong,VN,KHAC,NLT,LTTT
MD17,GT,NEW,Co,VN,TIENGVIET,TN,LTTT
MD17,GT,TT,Co,VN,TIENGVIET,TN,LTTT
MD17,GT,MS,Co,VN,TIENGVIET,TN,LTTT
MD17,GT,NEW,Co,VN,ENGLISH,TN,LTTT
MD17,GT,TT,Co,VN,ENGLISH,TN,LTTT
MD17,GT,MS,Co,VN,ENGLISH,TN,LTTT
MD17,GT,NEW,Co,VN,KHAC,TN,LTTT
MD17,GT,TT,Co,VN,KHAC,TN,LTTT
MD17,GT,MS,Co,VN,KHAC,TN,LTTT
MD17,GT,NEW,Co,NN,TIENGVIET,TN,LTTT
MD17,GT,TT,Co,NN,TIENGVIET,TN,LTTT
MD17,GT,MS,Co,NN,TIENGVIET,TN,LTTT
MD17,GT,NEW,Co,NN,ENGLISH,TN,LTTT
MD17,GT,TT,Co,NN,ENGLISH,TN,LTTT
MD17,GT,MS,Co,NN,ENGLISH,TN,LTTT
MD17,GT,NEW,Co,NN,KHAC,TN,LTTT
MD17,GT,TT,Co,NN,KHAC,TN,LTTT
MD17,GT,MS,Co,NN,KHAC,TN,LTTT
MD17,GT,NEW,Co,DVN,TIENGVIET,TN,LTTT
MD17,GT,TT,Co,DVN,TIENGVIET,TN,LTTT
MD17,GT,MS,Co,DVN,TIENGVIET,TN,LTTT
MD17,GT,NEW,Co,VN,TIENGVIET,GT,LTTT
MD17,GT,TT,Co,VN,TIENGVIET,GT,LTTT
MD17,GT,MS,Co,VN,TIENGVIET,GT,LTTT
MD17,GT,NEW,Co,VN,ENGLISH,GT,LTTT
MD17,GT,TT,Co,VN,ENGLISH,GT,LTTT
MD17,GT,MS,Co,VN,ENGLISH,GT,LTTT
MD17,GT,NEW,Co,VN,KHAC,GT,LTTT
MD17,GT,TT,Co,VN,KHAC,GT,LTTT
MD17,GT,MS,Co,VN,KHAC,GT,LTTT
MD17,GT,NEW,Co,NN,TIENGVIET,GT,LTTT
MD17,GT,TT,Co,NN,TIENGVIET,GT,LTTT
MD17,GT,MS,Co,NN,TIENGVIET,GT,LTTT
MD17,GT,NEW,Co,NN,ENGLISH,GT,LTTT
MD17,GT,TT,Co,NN,ENGLISH,GT,LTTT
MD17,GT,MS,Co,NN,ENGLISH,GT,LTTT
MD17,GT,NEW,Co,NN,KHAC,GT,LTTT
MD17,GT,TT,Co,NN,KHAC,GT,LTTT
MD17,GT,MS,Co,NN,KHAC,GT,LTTT
MD17,GT,NEW,Co,DVN,TIENGVIET,GT,LTTT
MD17,GT,TT,Co,DVN,TIENGVIET,GT,LTTT
MD17,GT,MS,Co,DVN,TIENGVIET,GT,LTTT
MD17,GT,NEW,Co,VN,TIENGVIET,TNN,LTTT
MD17,GT,TT,Co,VN,TIENGVIET,TNN,LTTT
MD17,GT,MS,Co,VN,TIENGVIET,TNN,LTTT
MD17,GT,NEW,Co,VN,ENGLISH,TNN,LTTT
MD17,GT,TT,Co,VN,ENGLISH,TNN,LTTT
MD17,GT,MS,Co,VN,ENGLISH,TNN,LTTT
MD17,GT,NEW,Co,VN,KHAC,TNN,LTTT
MD17,GT,TT,Co,VN,KHAC,TNN,LTTT
MD17,GT,MS,Co,VN,KHAC,TNN,LTTT
MD17,GT,NEW,Co,NN,TIENGVIET,TNN,LTTT
MD17,GT,TT,Co,NN,TIENGVIET,TNN,LTTT
MD17,GT,MS,Co,NN,TIENGVIET,TNN,LTTT
MD17,GT,NEW,Co,NN,ENGLISH,TNN,LTTT
MD17,GT,TT,Co,NN,ENGLISH,TNN,LTTT
MD17,GT,MS,Co,NN,ENGLISH,TNN,LTTT
MD17,GT,NEW,Co,NN,KHAC,TNN,LTTT
MD17,GT,TT,Co,NN,KHAC,TNN,LTTT
MD17,GT,MS,Co,NN,KHAC,TNN,LTTT
MD17,GT,NEW,Co,DVN,TIENGVIET,TNN,LTTT
MD17,GT,TT,Co,DVN,TIENGVIET,TNN,LTTT
MD17,GT,MS,Co,DVN,TIENGVIET,TNN,LTTT
MD17,GT,NEW,Co,VN,TIENGVIET,NLT,LTTT
MD17,GT,TT,Co,VN,TIENGVIET,NLT,LTTT
MD17,GT,MS,Co,VN,TIENGVIET,NLT,LTTT
MD17,GT,MS,Khong,VN,ENGLISH,TNN,LTTT
MD17,GT,MS,Khong,VN,TIENGVIET,GT,LTTT
MD17,GT,MS,Khong,VN,TIENGVIET,NLT,LTTT
MD19,GT,NEW,Co,VN,TIENGVIET,TN,LTTT
MD19,GT,TT,Co,VN,TIENGVIET,TN,LTTT
MD19,GT,MS,Co,VN,TIENGVIET,TN,LTTT
MD19,GT,NEW,Co,VN,ENGLISH,TN,LTTT
MD19,GT,TT,Co,VN,ENGLISH,TN,LTTT
MD19,GT,MS,Co,VN,ENGLISH,TN,LTTT
MD19,GT,NEW,Co,VN,KHAC,TN,LTTT
MD19,GT,TT,Co,VN,KHAC,TN,LTTT
MD19,GT,MS,Co,VN,KHAC,TN,LTTT
MD19,GT,NEW,Co,NN,TIENGVIET,TN,LTTT
MD19,GT,TT,Co,NN,TIENGVIET,TN,LTTT
MD19,GT,MS,Co,NN,TIENGVIET,TN,LTTT
MD19,GT,NEW,Co,NN,ENGLISH,TN,LTTT
MD19,GT,TT,Co,NN,ENGLISH,TN,LTTT
MD19,GT,MS,Co,NN,ENGLISH,TN,LTTT
MD19,GT,NEW,Co,NN,KHAC,TN,LTTT
MD19,GT,TT,Co,NN,KHAC,TN,LTTT
MD19,GT,MS,Co,NN,KHAC,TN,LTTT
MD19,GT,NEW,Co,DVN,TIENGVIET,TN,LTTT
MD19,GT,TT,Co,DVN,TIENGVIET,TN,LTTT
MD19,GT,MS,Co,DVN,TIENGVIET,TN,LTTT
MD19,GT,NEW,Co,VN,TIENGVIET,GT,LTTT
MD19,GT,TT,Co,VN,TIENGVIET,GT,LTTT
MD19,GT,MS,Co,VN,TIENGVIET,GT,LTTT
MD19,GT,NEW,Co,VN,ENGLISH,GT,LTTT
MD19,GT,TT,Co,VN,ENGLISH,GT,LTTT
MD19,GT,MS,Co,VN,ENGLISH,GT,LTTT
MD19,GT,NEW,Co,VN,KHAC,GT,LTTT
MD19,GT,TT,Co,VN,KHAC,GT,LTTT
MD19,GT,MS,Co,VN,KHAC,GT,LTTT
MD19,GT,NEW,Co,NN,TIENGVIET,GT,LTTT
MD19,GT,TT,Co,NN,TIENGVIET,GT,LTTT
MD19,GT,MS,Co,NN,TIENGVIET,GT,LTTT
MD19,GT,NEW,Co,NN,ENGLISH,GT,LTTT
MD19,GT,TT,Co,NN,ENGLISH,GT,LTTT
MD19,GT,MS,Co,NN,ENGLISH,GT,LTTT
MD19,GT,NEW,Co,NN,KHAC,GT,LTTT
MD19,GT,TT,Co,NN,KHAC,GT,LTTT
MD19,GT,MS,Co,NN,KHAC,GT,LTTT
MD19,GT,NEW,Co,DVN,TIENGVIET,GT,LTTT
MD19,GT,TT,Co,DVN,TIENGVIET,GT,LTTT
MD19,GT,MS,Co,DVN,TIENGVIET,GT,LTTT
MD19,GT,NEW,Co,VN,TIENGVIET,TNN,LTTT
MD19,GT,TT,Co,VN,TIENGVIET,TNN,LTTT
MD19,GT,MS,Co,VN,TIENGVIET,TNN,LTTT
MD19,GT,NEW,Co,VN,ENGLISH,TNN,LTTT
MD19,GT,TT,Co,VN,ENGLISH,TNN,LTTT
MD19,GT,MS,Co,VN,ENGLISH,TNN,LTTT
MD19,GT,NEW,Co,VN,KHAC,TNN,LTTT
MD19,GT,TT,Co,VN,KHAC,TNN,LTTT
MD19,GT,MS,Co,VN,KHAC,TNN,LTTT
MD19,GT,NEW,Co,NN,TIENGVIET,TNN,LTTT
MD19,GT,TT,Co,NN,TIENGVIET,TNN,LTTT
MD19,GT,MS,Co,NN,TIENGVIET,TNN,LTTT
MD19,GT,NEW,Co,NN,ENGLISH,TNN,LTTT
MD19,GT,TT,Co,NN,ENGLISH,TNN,LTTT
MD19,GT,MS,Co,NN,ENGLISH,TNN,LTTT
MD19,GT,NEW,Co,NN,KHAC,TNN,LTTT
MD19,GT,TT,Co,NN,KHAC,TNN,LTTT
MD19,GT,MS,Co,NN,KHAC,TNN,LTTT
MD19,GT,NEW,Co,DVN,TIENGVIET,TNN,LTTT
MD19,GT,TT,Co,DVN,TIENGVIET,TNN,LTTT
MD19,GT,MS,Co,DVN,TIENGVIET,TNN,LTTT
MD19,GT,NEW,Co,VN,TIENGVIET,NLT,LTTT
MD19,GT,TT,Co,VN,TIENGVIET,NLT,LTTT
MD19,GT,MS,Co,VN,TIENGVIET,NLT,LTTT
MD19,GT,MS,Khong,VN,ENGLISH,NLT,LTTT
MD20,VHNT,NEW,Co,VN,TIENGVIET,GT,LTTT
MD20,VHNT,TT,Co,VN,TIENGVIET,GT,LTTT
MD20,VHNT,MS,Co,VN,TIENGVIET,GT,LTTT
MD20,VHNT,NEW,Co,VN,ENGLISH,GT,LTTT
MD20,VHNT,NEW,Co,DVN,TIENGVIET,GT,LTTT
MD20,VHNT,TT,Co,DVN,TIENGVIET,GT,LTTT
MD20,VHNT,MS,Co,DVN,TIENGVIET,GT,LTTT
MD20,VHNT,NEW,Co,NN,TIENGVIET,GT,LTTT
MD20,VHNT,TT,Co,NN,TIENGVIET,GT,LTTT
MD20,VHNT,MS,Co,NN,TIENGVIET,GT,LTTT
MD20,VHNT,NEW,Co,NN,ENGLISH,GT,LTTT
MD20,VHNT,TT,Co,NN,ENGLISH,GT,LTTT
MD20,VHNT,MS,Co,NN,ENGLISH,GT,LTTT
MD20,VHNT,NEW,Co,NN,KHAC,GT,LTTT
MD20,VHNT,TT,Co,NN,KHAC,GT,LTTT
MD20,VHNT,MS,Co,NN,KHAC,GT,LTTT
MD20,VHNT,NEW,Co,VN,TIENGVIET,TNN,LTTT
MD20,VHNT,TT,Co,VN,TIENGVIET,TNN,LTTT
MD20,VHNT,MS,Co,VN,TIENGVIET,TNN,LTTT
MD20,VHNT,NEW,Co,VN,ENGLISH,TNN,LTTT
MD20,VHNT,NEW,Co,DVN,TIENGVIET,TNN,LTTT
MD20,VHNT,TT,Co,DVN,TIENGVIET,TNN,LTTT
MD20,VHNT,MS,Co,DVN,TIENGVIET,TNN,LTTT
MD20,VHNT,NEW,Co,NN,TIENGVIET,TNN,LTTT
MD20,VHNT,TT,Co,NN,TIENGVIET,TNN,LTTT
MD20,VHNT,MS,Co,NN,TIENGVIET,TNN,LTTT
MD20,VHNT,NEW,Co,NN,ENGLISH,TNN,LTTT
MD20,VHNT,TT,Co,NN,ENGLISH,TNN,LTTT
MD20,VHNT,MS,Co,NN,ENGLISH,TNN,LTTT
MD20,VHNT,NEW,Co,NN,KHAC,TNN,LTTT
MD20,VHNT,TT,Co,NN,KHAC,TNN,LTTT
MD20,VHNT,MS,Co,NN,KHAC,TNN,LTTT
MD20,VHNT,NEW,Co,VN,TIENGVIET,NLT,LTTT
MD20,VHNT,TT,Co,VN,TIENGVIET,NLT,LTTT
MD20,VHNT,MS,Co,VN,TIENGVIET,NLT,LTTT
MD20,VHNT,NEW,Co,VN,ENGLISH,NLT,LTTT
MD20,VHNT,NEW,Co,DVN,TIENGVIET,NLT,LTTT
MD20,VHNT,TT,Co,DVN,TIENGVIET,NLT,LTTT
MD20,VHNT,MS,Co,DVN,TIENGVIET,NLT,LTTT
MD20,VHNT,NEW,Co,NN,TIENGVIET,NLT,LTTT
MD20,VHNT,TT,Co,NN,TIENGVIET,NLT,LTTT
MD20,VHNT,MS,Co,NN,TIENGVIET,NLT,LTTT
MD20,VHNT,NEW,Co,NN,ENGLISH,NLT,LTTT
MD20,VHNT,TT,Co,NN,ENGLISH,NLT,LTTT
MD20,VHNT,MS,Co,NN,ENGLISH,NLT,LTTT
MD20,VHNT,NEW,Co,NN,KHAC,NLT,LTTT
MD20,VHNT,TT,Co,NN,KHAC,NLT,LTTT
MD20,VHNT,MS,Co,NN,KHAC,NLT,LTTT
MD20,VHNT,TT,Khong,NN,KHAC,NLT,LTTT
MD20,VHNT,MS,Khong,NN,KHAC,NLT,LTTT
MD20,VHNT,TT,Khong,VN,TIENGVIET,GT,LTTT
MD20,VHNT,MS,Khong,VN,TIENGVIET,GT,LTTT
MD20,VHNT,TT,Khong,NN,KHAC,GT,LTTT
MD20,VHNT,MS,Khong,NN,KHAC,GT,LTTT
MD20,VHNT,TT,Khong,NN,ENGLISH,GT,LTTT
MD20,VHNT,MS,Khong,NN,ENGLISH,GT,LTTT
MD18,GT,NEW,Co,VN,TIENGVIET,GT,LTTT
MD18,GT,TT,Co,VN,TIENGVIET,GT,LTTT
MD18,GT,MS,Co,VN,TIENGVIET,GT,LTTT
MD18,GT,NEW,Co,NN,ENGLISH,GT,LTTT
MD18,GT,TT,Co,NN,ENGLISH,GT,LTTT
MD18,GT,MS,Co,NN,ENGLISH,GT,LTTT
MD18,GT,NEW,Co,DVN,TIENGVIET,GT,LTTT
MD18,GT,TT,Co,DVN,TIENGVIET,GT,LTTT
MD18,GT,MS,Co,DVN,TIENGVIET,GT,LTTT
MD18,GT,TT,Khong,DVN,TIENGVIET,GT,LTTT
MD18,GT,MS,Khong,DVN,TIENGVIET,GT,LTTT
MD18,GT,MS,Khong,VN,TIENGVIET,GT,LTTT
MD18,GT,NEW,Co,VN,TIENGVIET,TNN,LTTT
MD18,GT,TT,Co,VN,TIENGVIET,TNN,LTTT
MD18,GT,MS,Co,VN,TIENGVIET,TNN,LTTT
MD18,GT,NEW,Co,NN,ENGLISH,TNN,LTTT
MD18,GT,TT,Co,NN,ENGLISH,TNN,LTTT
MD18,GT,MS,Co,NN,ENGLISH,TNN,LTTT
MD18,GT,NEW,Co,DVN,TIENGVIET,TNN,LTTT
MD18,GT,TT,Co,DVN,TIENGVIET,TNN,LTTT
MD18,GT,MS,Co,DVN,TIENGVIET,TNN,LTTT
MD18,GT,TT,Khong,DVN,TIENGVIET,TNN,LTTT
MD18,GT,MS,Khong,DVN,TIENGVIET,TNN,LTTT
MD18,GT,MS,Khong,VN,TIENGVIET,TNN,LTTT
MD21,CDM,NEW,Co,VN,TIENGVIET,TN,GT
MD21,CDM,MS,Co,VN,TIENGVIET,TN,GT
MD21,CDM,TT,Co,VN,TIENGVIET,TN,GT
MD21,CDM,NEW,Khong,VN,TIENGVIET,TN,GT
MD21,CDM,MS,Khong,VN,TIENGVIET,TN,GT
MD21,CDM,TT,Khong,VN,TIENGVIET,TN,GT
MD21,CDM,NEW,Co,VN,TIENGVIET,GT,GT
MD21,CDM,MS,Co,VN,TIENGVIET,GT,GT
MD21,CDM,TT,Co,VN,TIENGVIET,GT,GT
MD21,CDM,NEW,Khong,VN,TIENGVIET,GT,GT
MD21,CDM,MS,Khong,VN,TIENGVIET,GT,GT
MD21,CDM,TT,Khong,VN,TIENGVIET,GT,GT
MD21,CDM,NEW,Co,DVN,ENGLISH,TN,GT
MD21,CDM,MS,Co,DVN,ENGLISH,TN,GT
MD21,CDM,TT,Co,DVN,ENGLISH,TN,GT
MD21,CDM,NEW,Khong,DVN,ENGLISH,TN,GT
MD21,CDM,MS,Khong,DVN,ENGLISH,TN,GT
MD21,CDM,TT,Khong,DVN,ENGLISH,TN,GT
MD21,CDM,NEW,Co,DVN,ENGLISH,GT,GT
MD21,CDM,MS,Co,DVN,ENGLISH,GT,GT
MD21,CDM,TT,Co,DVN,ENGLISH,GT,GT
MD21,CDM,NEW,Khong,DVN,ENGLISH,GT,GT
MD21,CDM,MS,Khong,DVN,ENGLISH,GT,GT
MD21,CDM,TT,Khong,DVN,ENGLISH,GT,GT
MD21,CDM,NEW,Co,NN,KHAC,TN,GT
MD21,CDM,MS,Co,NN,KHAC,TN,GT
MD21,CDM,TT,Co,NN,KHAC,TN,GT
MD21,CDM,NEW,Khong,NN,KHAC,TN,GT
MD21,CDM,MS,Khong,NN,KHAC,TN,GT
MD21,CDM,TT,Khong,NN,KHAC,TN,GT
MD21,CDM,NEW,Co,NN,KHAC,GT,GT
MD21,CDM,MS,Co,NN,KHAC,GT,GT
MD21,CDM,TT,Co,NN,KHAC,GT,GT
MD21,CDM,NEW,Khong,NN,KHAC,GT,GT
MD21,CDM,MS,Khong,NN,KHAC,GT,GT
MD21,CDM,TT,Khong,NN,KHAC,GT,GT
MD21,DV,NEW,Co,NN,KHAC,TN,GT
MD21,DV,MS,Co,NN,KHAC,TN,GT
MD21,DV,TT,Co,NN,KHAC,TN,GT
MD21,DV,NEW,Khong,NN,KHAC,TN,GT
MD21,DV,MS,Khong,NN,KHAC,TN,GT
MD21,DV,TT,Khong,NN,KHAC,TN,GT
MD21,DV,NEW,Co,NN,KHAC,GT,GT
MD21,DV,MS,Co,NN,KHAC,GT,GT
MD21,DV,TT,Co,NN,KHAC,GT,GT
MD21,DV,NEW,Khong,NN,KHAC,GT,GT
MD21,DV,MS,Khong,NN,KHAC,GT,GT
MD21,DV,TT,Khong,NN,KHAC,GT,GT
MD21,DV,NEW,Co,DVN,ENGLISH,TN,GT
MD21,DV,MS,Co,DVN,ENGLISH,TN,GT
MD21,DV,TT,Co,DVN,ENGLISH,TN,GT
MD21,DV,NEW,Khong,DVN,ENGLISH,TN,GT
MD21,DV,MS,Khong,DVN,ENGLISH,TN,GT
MD21,DV,TT,Khong,DVN,ENGLISH,TN,GT
MD21,DV,NEW,Co,DVN,ENGLISH,GT,GT
MD21,DV,MS,Co,DVN,ENGLISH,GT,GT
MD21,DV,TT,Co,DVN,ENGLISH,GT,GT
MD21,DV,NEW,Khong,DVN,ENGLISH,GT,GT
MD21,DV,MS,Khong,DVN,ENGLISH,GT,GT
MD21,DV,TT,Khong,DVN,ENGLISH,GT,GT
MD22,TC,NEW,Co,NN,ENGLISH,TN,GT
MD22,TC,MS,Co,NN,ENGLISH,TN,GT
MD22,TC,TT,Co,NN,ENGLISH,TN,GT
MD22,TC,NEW,Khong,NN,ENGLISH,TN,GT
MD22,TC,MS,Khong,NN,ENGLISH,TN,GT
MD22,TC,TT,Khong,NN,ENGLISH,TN,GT
MD22,TC,NEW,Co,NN,ENGLISH,GT,GT
MD22,TC,MS,Co,NN,ENGLISH,GT,GT
MD22,TC,TT,Co,NN,ENGLISH,GT,GT
MD22,TC,NEW,Khong,NN,ENGLISH,GT,GT
MD22,TC,MS,Khong,NN,ENGLISH,GT,GT
MD22,TC,TT,Khong,NN,ENGLISH,GT,GT
MD22,TC,NEW,Co,DVN,KHAC,TN,GT
MD22,TC,MS,Co,DVN,KHAC,TN,GT
MD22,TC,TT,Co,DVN,KHAC,TN,GT
MD22,TC,NEW,Khong,DVN,KHAC,TN,GT
MD22,TC,MS,Khong,DVN,KHAC,TN,GT
MD22,TC,TT,Khong,DVN,KHAC,TN,GT
MD22,TC,NEW,Co,DVN,KHAC,GT,GT
MD22,TC,MS,Co,DVN,KHAC,GT,GT
MD22,TC,TT,Co,DVN,KHAC,GT,GT
MD22,TC,NEW,Khong,DVN,KHAC,GT,GT
MD22,TC,MS,Khong,DVN,KHAC,GT,GT
MD22,TC,TT,Khong,DVN,KHAC,GT,GT
MD23,NN,NEW,Co,DVN,KHAC,TN,GT
MD23,NN,MS,Co,DVN,KHAC,TN,GT
MD23,NN,TT,Co,DVN,KHAC,TN,GT
MD23,NN,NEW,Khong,DVN,KHAC,TN,GT
MD23,NN,MS,Khong,DVN,KHAC,TN,GT
MD23,NN,TT,Khong,DVN,KHAC,TN,GT
MD23,NN,NEW,Co,DVN,KHAC,GT,GT
MD23,NN,MS,Co,DVN,KHAC,GT,GT
MD23,NN,TT,Co,DVN,KHAC,GT,GT
MD23,NN,NEW,Khong,DVN,KHAC,GT,GT
MD23,NN,MS,Khong,DVN,KHAC,GT,GT
MD23,NN,TT,Khong,DVN,KHAC,GT,GT
MD23,NN,NEW,Co,NN,ENGLISH,TN,GT
MD23,NN,MS,Co,NN,ENGLISH,TN,GT
MD23,NN,TT,Co,NN,ENGLISH,TN,GT
MD23,NN,NEW,Khong,NN,ENGLISH,TN,GT
MD23,NN,MS,Khong,NN,ENGLISH,TN,GT
MD23,NN,TT,Khong,NN,ENGLISH,TN,GT
MD23,NN,NEW,Co,NN,ENGLISH,GT,GT
MD23,NN,MS,Co,NN,ENGLISH,GT,GT
MD23,NN,TT,Co,NN,ENGLISH,GT,GT
MD23,NN,NEW,Khong,NN,ENGLISH,GT,GT
MD23,NN,MS,Khong,NN,ENGLISH,GT,GT
MD23,NN,TT,Khong,NN,ENGLISH,GT,GT
MD23,NN,NEW,Co,DVN,ENGLISH,TN,GT
MD23,NN,MS,Co,DVN,ENGLISH,TN,GT
MD23,NN,TT,Co,DVN,ENGLISH,TN,GT
MD23,NN,NEW,Khong,DVN,ENGLISH,TN,GT
MD23,NN,MS,Khong,DVN,ENGLISH,TN,GT
MD23,NN,TT,Khong,DVN,ENGLISH,TN,GT
MD23,NN,NEW,Co,DVN,ENGLISH,GT,GT
MD23,NN,MS,Co,DVN,ENGLISH,GT,GT
MD23,NN,TT,Co,DVN,ENGLISH,GT,GT
MD23,NN,NEW,Khong,DVN,ENGLISH,GT,GT
MD23,NN,MS,Khong,DVN,ENGLISH,GT,GT
MD23,NN,TT,Khong,DVN,ENGLISH,GT,GT
MD24,TCT,NEW,Co,DVN,KHAC,TN,GT
MD24,TCT,MS,Co,DVN,KHAC,TN,GT
MD24,TCT,TT,Co,DVN,KHAC,TN,GT
MD24,TCT,NEW,Khong,DVN,KHAC,TN,GT
MD24,TCT,MS,Khong,DVN,KHAC,TN,GT
MD24,TCT,TT,Khong,DVN,KHAC,TN,GT
MD24,TCT,NEW,Co,DVN,KHAC,GT,GT
MD24,TCT,MS,Co,DVN,KHAC,GT,GT
MD24,TCT,TT,Co,DVN,KHAC,GT,GT
MD24,TCT,NEW,Khong,DVN,KHAC,GT,GT
MD24,TCT,MS,Khong,DVN,KHAC,GT,GT
MD24,TCT,TT,Khong,DVN,KHAC,GT,GT
MD24,TCT,NEW,Co,NN,ENGLISH,TN,GT
MD24,TCT,MS,Co,NN,ENGLISH,TN,GT
MD24,TCT,TT,Co,NN,ENGLISH,TN,GT
MD24,TCT,NEW,Khong,NN,ENGLISH,TN,GT
MD24,TCT,MS,Khong,NN,ENGLISH,TN,GT
MD24,TCT,TT,Khong,NN,ENGLISH,TN,GT
MD24,TCT,NEW,Co,NN,ENGLISH,GT,GT
MD24,TCT,MS,Co,NN,ENGLISH,GT,GT
MD24,TCT,TT,Co,NN,ENGLISH,GT,GT
MD24,TCT,NEW,Khong,NN,ENGLISH,GT,GT
MD24,TCT,MS,Khong,NN,ENGLISH,GT,GT
MD24,TCT,TT,Khong,NN,ENGLISH,GT,GT
MD24,TCT,NEW,Co,DVN,ENGLISH,TN,GT
MD24,TCT,MS,Co,DVN,ENGLISH,TN,GT
MD24,TCT,TT,Co,DVN,ENGLISH,TN,GT
MD24,TCT,NEW,Khong,DVN,ENGLISH,TN,GT
MD24,TCT,MS,Khong,DVN,ENGLISH,TN,GT
MD24,TCT,TT,Khong,DVN,ENGLISH,TN,GT
MD24,TCT,NEW,Co,DVN,ENGLISH,GT,GT
MD24,TCT,MS,Co,DVN,ENGLISH,GT,GT
MD24,TCT,TT,Co,DVN,ENGLISH,GT,GT
MD24,TCT,NEW,Khong,DVN,ENGLISH,GT,GT
MD24,TCT,MS,Khong,DVN,ENGLISH,GT,GT
MD24,TCT,TT,Khong,DVN,ENGLISH,GT,GT
MD25,TT,NEW,Co,DVN,KHAC,TN,GT
MD25,TT,MS,Co,DVN,KHAC,TN,GT
MD25,TT,TT,Co,DVN,KHAC,TN,GT
MD25,TT,NEW,Khong,DVN,KHAC,TN,GT
MD25,TT,MS,Khong,DVN,KHAC,TN,GT
MD25,TT,TT,Khong,DVN,KHAC,TN,GT
MD25,TT,NEW,Co,DVN,KHAC,GT,GT
MD25,TT,MS,Co,DVN,KHAC,GT,GT
MD25,TT,TT,Co,DVN,KHAC,GT,GT
MD25,TT,NEW,Khong,DVN,KHAC,GT,GT
MD25,TT,MS,Khong,DVN,KHAC,GT,GT
MD25,TT,TT,Khong,DVN,KHAC,GT,GT
MD25,TT,NEW,Co,NN,ENGLISH,TN,GT
MD25,TT,MS,Co,NN,ENGLISH,TN,GT
MD25,TT,TT,Co,NN,ENGLISH,TN,GT
MD25,TT,NEW,Khong,NN,ENGLISH,TN,GT
MD25,TT,MS,Khong,NN,ENGLISH,TN,GT
MD25,TT,TT,Khong,NN,ENGLISH,TN,GT
MD25,TT,NEW,Co,NN,ENGLISH,GT,GT
MD25,TT,MS,Co,NN,ENGLISH,GT,GT
MD25,TT,TT,Co,NN,ENGLISH,GT,GT
MD25,TT,NEW,Khong,NN,ENGLISH,GT,GT
MD25,TT,MS,Khong,NN,ENGLISH,GT,GT
MD25,TT,TT,Khong,NN,ENGLISH,GT,GT
MD25,TT,NEW,Co,DVN,ENGLISH,TN,GT
MD25,TT,MS,Co,DVN,ENGLISH,TN,GT
MD25,TT,TT,Co,DVN,ENGLISH,TN,GT
MD25,TT,NEW,Khong,DVN,ENGLISH,TN,GT
MD25,TT,MS,Khong,DVN,ENGLISH,TN,GT
MD25,TT,TT,Khong,DVN,ENGLISH,TN,GT
MD25,TT,NEW,Co,DVN,ENGLISH,GT,GT
MD25,TT,MS,Co,DVN,ENGLISH,GT,GT
MD25,TT,TT,Co,DVN,ENGLISH,GT,GT
MD25,TT,NEW,Khong,DVN,ENGLISH,GT,GT
MD25,TT,MS,Khong,DVN,ENGLISH,GT,GT
MD25,TT,TT,Khong,DVN,ENGLISH,GT,GT
MD26,TT,NEW,Co,DVN,KHAC,TN,GT
MD26,TT,MS,Co,DVN,KHAC,TN,GT
MD26,TT,TT,Co,DVN,KHAC,TN,GT
MD26,TT,NEW,Khong,DVN,KHAC,TN,GT
MD26,TT,MS,Khong,DVN,KHAC,TN,GT
MD26,TT,TT,Khong,DVN,KHAC,TN,GT
MD26,TT,NEW,Co,DVN,KHAC,GT,GT
MD26,TT,MS,Co,DVN,KHAC,GT,GT
MD26,TT,TT,Co,DVN,KHAC,GT,GT
MD26,TT,NEW,Khong,DVN,KHAC,GT,GT
MD26,TT,MS,Khong,DVN,KHAC,GT,GT
MD26,TT,TT,Khong,DVN,KHAC,GT,GT
MD26,TT,NEW,Co,NN,ENGLISH,TN,GT
MD26,TT,MS,Co,NN,ENGLISH,TN,GT
MD26,TT,TT,Co,NN,ENGLISH,TN,GT
MD26,TT,NEW,Khong,NN,ENGLISH,TN,GT
MD26,TT,MS,Khong,NN,ENGLISH,TN,GT
MD26,TT,TT,Khong,NN,ENGLISH,TN,GT
MD26,TT,NEW,Co,NN,ENGLISH,GT,GT
MD26,TT,MS,Co,NN,ENGLISH,GT,GT
MD26,TT,TT,Co,NN,ENGLISH,GT,GT
MD26,TT,NEW,Khong,NN,ENGLISH,GT,GT
MD26,TT,MS,Khong,NN,ENGLISH,GT,GT
MD26,TT,TT,Khong,NN,ENGLISH,GT,GT
MD26,TT,NEW,Co,DVN,ENGLISH,TN,GT
MD26,TT,MS,Co,DVN,ENGLISH,TN,GT
MD26,TT,TT,Co,DVN,ENGLISH,TN,GT
MD26,TT,NEW,Khong,DVN,ENGLISH,TN,GT
MD26,TT,MS,Khong,DVN,ENGLISH,TN,GT
MD26,TT,TT,Khong,DVN,ENGLISH,TN,GT
MD26,TT,NEW,Co,DVN,ENGLISH,GT,GT
MD26,TT,MS,Co,DVN,ENGLISH,GT,GT
MD26,TT,TT,Co,DVN,ENGLISH,GT,GT
MD26,TT,NEW,Khong,DVN,ENGLISH,GT,GT
MD26,TT,MS,Khong,DVN,ENGLISH,GT,GT
MD26,TT,TT,Khong,DVN,ENGLISH,GT,GT
